slice_id	is_tissue	cluster	row	column	feature-0	feature-1
slice_0	1	0	0.0	0.0	0.5620608336869582	0.43793916631304175
slice_0	1	0	1.0000000000000002	1.7320508075688772	0.40107835671576547	0.5989216432842346
